{
  "AWSTemplateFormatVersion": "2010-09-09",
  "Description": "Configures the CloudTrail service to have all the logs flow to the AWS Management Account",

  "Parameters": {
    "FolderName": {
      "Description": "FolderName should be the name of the account in lowercase",
      "Type": "String"
    },
    "TrailName": {
      "Default": "RainierDefault",
      "Description": "CloudTrail trail name",
      "Type": "String"
    },
    "s3BucketName": {
      "Default": "wk-rainier-master-cloudtrail",
      "Description": "s3 bucket name for the logs destination",
      "Type": "String"
    }
  },
  "Resources": {
    "RainierDefaultCloudTrail": {
      "Type": "AWS::CloudTrail::Trail",
      "Properties": {
        "EnableLogFileValidation": true,
        "IsLogging": true,
        "IncludeGlobalServiceEvents": true,
        "IsMultiRegionTrail": true,
        "S3BucketName": { "Ref": "s3BucketName" },
        "S3KeyPrefix": { "Ref": "FolderName" },
        "TrailName": { "Ref": "TrailName" }
      }
    }
  }
}