{

	"AWSTemplateFormatVersion": "2010-09-09",
	"Description": " AWS SNS ",


	"Metadata": {
		"AWS::CloudFormation::Interface": {
			"ParameterGroups": [{
					"Label": {
						"default": "Conatiner "
					},
					"Parameters": [
						"containerUrl"

					]
				},


				{
					"Label": {
						"default": "Topic "
					},
					"Parameters": [
						"TopicName",
						"DisplayName"

					]
				},
				{
					"Label": {
						"default": "Subscription"
					},
					"Parameters": [
						"Protocol",
						"Endpoint"
					]
				}



			]
		}
	},

	"Parameters": {

		"containerUrl": {
			"Description": "The  path  of the S3 bucket containing the URL of the JSON Templates",
			"Type": "String",
			"Default": "https://s3-us-west-2.amazonaws.com/validation-pipeline-lambda-function/cloudformation"
		},


		"DisplayName": {
			"Description": "The description of the topic",
			"Type": "String",
			"Default": "Descri",
			"MinLength": "1",
			"MaxLength": "10",
			"AllowedPattern": "[a-zA-Z_-]*"

		},

		"TopicName": {
			"Description": "The  name of the topic",
			"Type": "String",
			"Default": "Topic",
			"MinLength": "1",
			"MaxLength": "256",
			"AllowedPattern": "[a-zA-Z0-9_-]*"

		},




		"Protocol": {
			"Description": "The  protocol of the topic",
			"Type": "String",
			"Default": "HTTP",
			"AllowedValues": [
				"HTTP",
				"HTTPS",
				"Email",
				"Email-Json",
				"Amazon SQS",
				"Application",
				"AWS Lambda",
				"SMS"
			]



		},

		"Endpoint": {
			"Description": "The endpoint  of the subscription For example endpoints for HTTP& HTTPS should be www.example.com, Email & Email-Json : user@domain.com, Amazon-SQS : arn:aws:sqs:us-east-1:123456789012:xxxx, AWS-Lambda :arn:aws:lambda:us-east-1:123456789012:function:function-name, Application: arn:aws:sns:us-east-1:555555555555:endpoint/ADM/application-name/uuid, SMS: 999-9999-9999",
			"Type": "String",
			"Default": "http://example.com"
		}
	},
	"Mappings": {

		"Json": {
			"Name": {
				"TopicCFN": "template-sns-topic-creation.json",
				"SubscriptionCFN": "template-sns-subscription-creation.json"
			}
		}
	},

	"Resources": {

		"TopicStack": {
			"Type": "AWS::CloudFormation::Stack",
			"Properties": {

				"Parameters": {

					"DisplayName": {
						"Ref": "DisplayName"
					},
					"TopicName": {
						"Ref": "TopicName"
					}

				},
				"TemplateURL": {
					"Fn::Join": ["/", [{
						"Ref": "containerUrl"
					}, {
						"Fn::FindInMap": ["Json", "Name", "TopicCFN"]
					}]]
				},
				"TimeoutInMinutes": "5"

			}

		},




		"SusbscriptionStack": {
			"Type": "AWS::CloudFormation::Stack",
			"Properties": {

				"Parameters": {

					"Endpoint": {
						"Ref": "Endpoint"
					},
					"Protocol": {
						"Ref": "Protocol"
					},
					"TopicArn": {

						"Fn::GetAtt": ["TopicStack", "Outputs.MySNSTopicTopicARN"]
					}

				},
				"TemplateURL": {
					"Fn::Join": ["/", [{
						"Ref": "containerUrl"
					}, {
						"Fn::FindInMap": ["Json", "Name", "SubscriptionCFN"]
					}]]
				}


			}

		}

	},

	"Outputs": {


		"TopicARN": {

			"Value": {

				"Fn::GetAtt": ["TopicStack", "Outputs.MySNSTopicTopicARN"]
			}
		}
	}
}